id,year,exclude,Film,Lead Studio,Rotten Tomatoes,Audience  score,Story,Genre,Number of Theatres in Opening Weekend (US),Box Office Average per Cinema,Domestic Gross,Foreign Gross,Worldwide Gross,Budget,Proftitability,Opening Weekend,Oscar,Bafta,Source,Column
1,2010,,127 Hours,Independent,93,84,Escape,Adventure,916,2333,18.33,42.4,60.73,18,337.39%,0.26,,,http://boxofficemojo.com/movies/?id=127hours.htm,
2,2010,,A Nightmare on Elm Street,Warner Bros.,13,40,Monster Force,Horror,3332,9875,63.08,52.59,115.66,35,330.46%,32.9,,,,
3,2010,,Alice in Wonderland,Disney,52,72,Journey and Return,Adventure,3728,31143,334.19,690.2,1024.39,200,512.20%,116.1,,,,
4,2010,,All About Steve ,Independent,6,35,Comedy,Comedy,2251,4994,33.86,6.26,40.13,15,267.53%,11.2,,,http://www.the-numbers.com/movies/2009/ABSTV.php,
5,2010,y,All Good Things,Independent,33,64,The Riddle,Drama,2,,0.58,0.062,0.64,20,3.20%,0.037,,,http://www.wikipedia.org,
6,2010,,Alpha and Omega,Crest,17,41,Journey and Return,Animation,2625,3469,25.12,4.8,29.91,20,149.55%,9.1,,,,
7,2010,y,Barry Munday,Independent,43,43,Maturation,Comedy,,,,,,,,,,,,
8,2010,,Black Swan        ,Fox,88,86,Wretched Excess,Drama,959,8742,106.95,222.44,329.39,13,2533.77%,8.38,Best Actress,,,
9,2010,,Brooklyn's Finest,Independent,42,47,Temptation,Action,1936,6896,27.2,9.15,36.31,17,213.59%,13.4,,,http://boxofficemojo.com/movies,
10,2010,,Buried,Independent,86,63,Escape,Drama,11,9115,1.04,17.33,18.38,2,919.00%,0.103,,,http://boxofficemojo.com/movies,
11,2010,,Burlesque,Paramount,36,66,Rags to Riches,Drama,3037,3934,38.24,17.84,56.08,55,101.96%,11.95,,,http://boxofficemojo.com/movies/?id=burlesque.htm,
12,2010,,Case 39,Independent,23,42,Monster Force,Horror,2211,2420,13.26,14.93,28.19,26,108.42%,5.4,,,http://boxofficemojo.com/movies,
13,2010,,Cats & Dogs: The Revenge of Kitty Galore,Independent,13,43,Pursuit,Action,3705,3314,43.59,68.9,112.48,85,132.33%,12.3,,,http://boxofficemojo.com/movies,
14,2010,,Charlie St. Cloud	,Universal,27,62,Discovery,Fantasy,2718,4555,31.16,14.93,46.09,44,104.75%,12.4,,,http://boxofficemojo.com/movies,
15,2010,,City Island,Independent,81,77,Transformation,Comedy,2,,6.67,1.19,7.86,6,131.00%,0.032,,,http://boxofficemojo.com/movies,
16,2010,,Clash of the Titans,Warner Bros.,28,48,Quest,Action,3777,16213,163.21,330,493.21,125,394.57%,61.2,,,http://boxofficemojo.com/movies,
17,2010,y,Conviction,Independent,68,71,Rescue,Biography,672,2424,6.79,2.92,9.71,12.5,77.68%,1.62,,,http://boxofficemojo.com/movies,
18,2010,y,Cop Out,Warner Bros.,19,45,The Riddle,Action,3150,5781,44.88,10.64,55.52,30,185.07%,18.21,,,http://boxofficemojo.com/movies,
19,2010,y,Country Strong,Sony,20,56,Rags to Riches,Drama,1424,5145,20.21,0.31,20.52,15,136.80%,7.33,,,,
20,2010,,Cyrus,Independent,80,51,Rivalry,Comedy,4,45429,7.47,2.45,9.92,7,141.71%,0.18,,,http://boxofficemojo.com/movies,
21,2010,,Date Night,Fox,66,58,Pursuit,Comedy,3374,7471,98.71,53.55,152.26,55,276.84%,25.2,,,http://boxofficemojo.com/movies,
22,2010,,Daybreakers	,Lionsgate,67,50,Discovery,Action,2523,6003,30.1,21.31,51.42,20,257.10%,15.1,,,,
23,2010,,Dear John,Sony,29,66,Love,Drama,2969,10262,80.01,34.96,114.98,25,459.92%,30.4,,,,
24,2010,,Death at a Funeral,Independent,40,48,Comedy,Comedy,2459,6595,42.74,6.31,49.05,21,233.57%,16.2,,,,
25,2010,,Despicable Me,Universal,81,81,Maturation,Animation,3476,16225,251.38,290.5,541.88,69,785.33%,56.4,,,,
26,2010,,Devil,Independent,52,45,Monster Force,Horror,2809,4375,33.6,23.23,56.83,10,568.30%,12.3,,,,
27,2010,,Diary of a Wimpy Kid,Independent,53,49,Underdog,Comedy,3077,7191,64,11.7,75.7,15,504.67%,22.1,,,,
28,2010,,Dinner for Schmucks,Paramount,43,47,Comedy,Comedy,2911,8082,73.03,13.38,86.41,69,125.23%,23.5,,,,
29,2010,,Due Date,Warner Bros.,40,56,Comedy,Comedy,3355,9743,99.65,100.9,200.55,50,401.10%,32.69,,,http://boxofficemojo.com/movies/?id=duedate.htm,
30,2010,,Easy A,Sony,85,75,Maturation,Comedy,2856,6209,58.4,15.24,73.64,8,920.50%,17.7,,,,
31,2010,,Eat Pray Love	,Sony,36,46,Journey and Return,Drama,3082,7497,80.57,123.91,204.48,60,340.80%,23.1,,,,
32,2010,,Edge of Darkness,Warner Bros.,55,56,Revenge,Crime,3066,5615,43.31,37.81,81.12,80,101.40%,17.2,,,,
33,2010,,Extraordinary Measures	,CBS,27,55,Underdog,Drama,2549,2359,12.07,3.07,15.13,31,48.81%,6,,,,
34,2010,,Faster	,CBS,41,50,Revenge,Action,2454,3873,22.94,1.97,24.91,24,103.79%,8.52,,,,
35,2010,y,For Colored Girls,Independent,33,73,Discovery,Drama,2127,9167,37.69,17.32,37.7,21,179.52%,19.5,,,,
36,2010,,From Paris with Love,Independent,38,57,Pursuit,Action,2722,2997,24.08,28.72,52.8,52,101.54%,8.2,,,,
37,2010,,Furry Vengeance	,Summit,8,36,Comedy,Comedy,2997,2211,17.63,18.34,35.97,35,102.77%,6.6,,,,
38,2010,,Get Him to the Greek,Universal,73,63,Comedy,Comedy,2697,6515,60.97,30.42,91.39,40,228.48%,17.6,,,,
39,2010,,Going the Distance,Warner Bros.,53,56,Love,Comedy,3030,2272,17.8,24.25,42.05,32,131.41%,6.9,,,,
40,2010,,Green Zone,Universal,53,60,Quest,Action,3003,4765,35.05,59.82,94.88,100,94.88%,14.3,,,,
41,2010,y,Greenberg,Independent,75,40,Transformation,Comedy,3,39384,4.23,1.92,6.15,,,0.11,,,,
42,2010,,Grown Ups	,Independent,10,59,Comedy,Comedy,3534,11462,161.9,105.5,267.4,80,334.25%,40.5,,,,
43,2010,,Gulliver's Travels,Fox,21,31,Journey and Return,Comedy,2546,2477,42,194,237.38,112,211.95%,6.3,,,,
44,2010,y,Hachiko: A Dog's Story,Independent,58,85,Sacrifice,Drama,,,0,40.26,40.26,16,251.63%,18,,,,
45,2010,,Harry Potter and the Deathly Hallows Part 1,Warner Bros.,79,87,Quest,Adventure,4125,30307,295,660,955.41,125,764.33%,125,,,http://boxofficemojo.com/movies,
46,2010,,Hot Tub Time Machine,MGM,64,57,Journey and Return,Adventure,2754,5091,50.29,14.13,64.42,36,178.94%,14,,,,
47,2010,,How to Train Your Dragon,Paramount,98,90,Underdog,Animation,4055,10785,217.58,277.3,494.88,165,299.93%,43.7,,,,
48,2010,,I Love You Phillip Morris,Independent,71,57,Love,Comedy,100,,1.44,18.66,20.1,15,134.00%,0.11,,,,
49,2010,y,I'm Still Here,Independent,52,38,Comedy,Comedy,120,,0.41,0.14,0.55,,,0.097,,,,
50,2010,,Inception,Warner Bros.,86,93,Journey and Return,Action,3792,16557,292.58,531,823.58,160,514.74%,62.8,,,,
51,2010,,Iron Man 2,Paramount,74,80,Rivalry,Action,4380,29252,312.43,309.62,622.1,200,311.05%,128.1,,,,
52,2010,,Jackass 3-D,Paramount,63,72,Comedy,Documentary,3081,16343,117.19,52.76,169.95,20,849.75%,50.4,,,,
53,2010,,Jonah Hex,Warner Bros.,13,24,Revenge,Action,2825,1904,10.55,0.36,10.9,47,23.19%,5.4,,,,
54,2010,y,Just Wright,Fox,45,58,Love,Comedy,1831,4525,21.54,0.029,21.57,12,179.75%,8.3,,,http://forum.blu-ray.com/movies/141938-just-wright-review-thread-use-spoiler-tags.html. *NB unofficial budget figure - see links for sources,http://www.shadowandact.com/?p=23430
55,2010,,Kick-Ass,Independent,76,83,Rivalry,Action,3065,6469,48.07,48.06,96.13,30,320.43%,19.8,,,,
56,2010,,Killers,Lionsgate,11,45,Love,Action,2859,5539,47.06,46.34,93.4,75,124.53%,15.8,,,,
57,2010,,Knight and Day,Fox,53,52,Pursuit,Action,3098,6501,76.42,185.26,261.68,117,223.66%,20.2,,,,
58,2010,y,Knucklehead,WWE Studios,10,35,Comedy,Comedy,,,,,,,,,,,,
59,2010,,Leap Year,Universal,21,49,Love,Comedy,2511,3665,25.9,6.69,32.61,19,171.63%,9.2,,,,
60,2010,,Legend of the Guardians: The Owls of Ga'Hoole,Warner Bros.,51,65,Rivalry,Animation,3575,4507,55.64,84.26,139.9,80,174.88%,16.1,,,,
61,2010,,Legion,Independent,19,36,Monster Force,Action,2476,7069,40.17,27.74,67.91,26,261.19%,17.5,,,,
62,2010,,Letters to Juliet,Summit,40,62,Love,Comedy,2968,4562,53.03,26.15,79.18,30,263.93%,13.5,,,,
63,2010,,Life as We Know It,Independent,28,62,Love,Comedy,3150,4605,53.13,43.03,96.16,38,253.05%,14.5,,,,
64,2010,,Little Fockers,Independent,9,40,Comedy,Comedy,3536,8720,123.69,109.01,232.7,100,232.70%,30.83,,,,
65,2010,,Love & Other Drugs,Fox,48,55,Love,Comedy,2455,3967,31.68,22.85,54.53,30,181.77%,9.74,,,,
66,2010,,MacGruber,Independent,47,33,Comedy,Action,2551,1585,8.53,0.8,9.32,10,93.20%,4,,,,
67,2010,,Machete,Independent,73,66,Revenge,Action,2670,4276,26.59,15.55,42.15,20,210.75%,11,,,,
68,2010,,Marmaduke,Fox,9,46,Rivalry,Comedy,3213,3610,33.64,49.71,83.36,50,166.72%,11.6,,,,
69,2010,,Megamind,Paramount,72,73,Transformation,Animation,3944,9743,144.67,173.46,321.88,130,247.60%,46.02,,,,
70,2010,y,Morning Glory,Independent,54,54,Comedy,Comedy,2518,3655,31.01,27.78,58.78,40,146.95%,9.2,,,,
71,2010,,Mother and Child,Independent,79,61,Transformation,Drama,4,,1.11,3.76,4.87,7,69.57%,0.43,,,,
72,2010,y,My Soul to Take,Relativity Media,9,29,Monster Force,Horror,2572,4605,14.74,5.09,19.83,25,79.32%,6.8,,,,
73,2010,,Nanny McPhee Returns,Universal,77,54,Comedy,Comedy,2784,3020,29.01,64.23,93.25,35,266.43%,8.4,,,,
74,2010,y,Never Let Me Go,Independent,70,70,Tragedy,Drama,4,,2.43,7.3,9.45,15,63.00%,0.11,,,,
75,2010,y,Our Family Wedding,Independent,14,49,Love,Comedy,1605,4754,20.26,1.11,21.36,,,7.6,,,,
76,2010,,Paranormal Activity 2,Paramount,,,Monster Force,Horror,3216,12649,84.75,92.75,177.51,3,5917.00%,40.67,,,http://boxofficemojo.com/movies/?id=paranormalactivity2.htm,
77,2010,,Percy Jackson & the Olympians: The Lightning Thief,Fox,50,57,Rivalry,Action,3356,9308,88.77,137.73,226.5,95,238.42%,31.2,,,,
78,2010,,Piranha 3-D,The Weinstein Company,74,45,Monster Force,Comedy,2470,4092,25,54.78,79.78,24,332.42%,10.1,,,http://www.the-numbers.com/movies/2009/ABSTV.php,
79,2010,y,Please Give,Sony,88,62,Comedy,Comedy,,,4.03,0.23,4.26,3,142.00%,0.1,,,,
80,2010,,Predators,Fox,64,52,Monster Force,Action,2669,9277,52,74.74,126.74,40,316.85%,24.8,,,,
81,2010,,Prince of Persia: The Sands of Time,Disney,36,71,Rivalry,Action,3646,3646,90.76,244.39,335.15,200,167.58%,30,,,,
82,2010,,Red,Summit,71,72,Rivalry,Action,3255,6686,89.84,74.58,164.42,58,283.48%,21.8,,,,
83,2010,,Remember Me,Summit,28,70,Love,Drama,2212,3657,19.07,36.79,55.85,16,349.06%,8,,,,
84,2010,,Repo Men,Universal,22,43,Rescue,Action,2521,2430,13.79,4.62,18.41,32,57.53%,6.1,,,,
85,2010,,Resident Evil: Afterlife,Highlight Communications,24,53,Monster Force,Action,3203,8320,60.13,236.09,296.22,60,493.70%,26.7,,,,
86,2010,,Robin Hood,Universal,42,59,Rivalry,Action,3503,10295,105.27,216.4,321.67,200,160.84%,36,,,,
87,2010,,Salt,Sony,62,62,Revenge,Action,3612,9970,118.31,175.19,293.5,110,266.82%,36,,,,
88,2010,,Saw 3-D,Independent,10,47,Escape,Crime,2808,8024,45.71,76.8,122.51,20,612.55%,22.53,,,,
89,2010,,Scott Pilgrim vs. the World,Universal,81,83,Underdog,Action,2818,3765,31.52,16.05,47.58,60,79.30%,10.6,,,,
90,2010,,Sex and the City 2,Warner Bros.,15,49,Love,Comedy,3445,3445,95.35,193,288.35,100,288.35%,31,,,,
91,2010,,She's Out of My League,Paramount,57,60,Love,Comedy,2956,3307,32.01,16.8,48.81,20,244.05%,9.8,,,,
92,2010,,Shrek Forever After,Paramount,57,64,Journey and Return,Animation,4359,16251,238.74,510.06,748.8,165,453.82%,70.8,,,,
93,2010,,Shutter Island,Paramount,68,73,The Riddle,Drama,2991,13729,128.01,166.79,294.8,80,368.50%,41,,,,
94,2010,,Skyline,Independent,16,19,Monster Force,Action,2880,4060,21.39,33.87,55.26,10,552.60%,11.69,,,,
95,2010,,Solitary Man,Independent,81,47,Wretched Excess,Comedy,4,23734,4.36,0.7,5.06,15,33.73%,0.09,,,,
96,2010,,Step Up 3D,Summit,46,67,Transformation,Drama,2435,6494,42.4,116.75,159.15,30,530.50%,15.8,,,http://www.the-numbers.com/movies/2009/ABSTV.php,
97,2010,,Stone,Independent,49,20,Rivalry,Drama,6,12628,1.81,6.59,8.4,22,38.18%,0.075,,,,
98,2010,,Takers,Sony,27,57,Rivalry,Action,2206,9298,57.74,10.42,68.16,32,213.00%,20.5,,,,
99,2010,,Tangled,Disney,89,88,Love,Animation,3603,13535,175.78,179.3,355.08,260,136.57%,48.77,,,,
100,2010,,The A-Team,Fox,47,71,Pursuit,Action,3535,7262,77.22,99.81,177.03,100,177.03%,25.7,,,,
101,2010,,The American,Universal,66,37,Rivalry,Crime,2823,4668,35.61,10.39,46,20,230.00%,13.1,,,,
102,2010,,The Back-up Plan,CBS,20,47,Love,Comedy,3280,3720,37.49,39.6,77.1,35,220.29%,12.2,,,,
103,2010,,The Book of Eli        ,Independent,48,68,Quest,Action,3111,10540,94.84,58.62,153.45,80,191.81%,32.7,,,,
104,2010,,The Bounty Hunter,Sony,7,41,Rivalry,Action,3074,6729,67.06,69.26,136.32,40,340.80%,20.7,,,http://boxofficemojo.com/movies,
105,2010,,The Chronicles of Narnia: The Voyage of the Dawn Treader,Fox,49,63,Quest,Adventure,3555,6752,104,311,415.68,155,268.18%,24,,,,
106,2010,y,The Company Men,Independent,66,56,Discovery,Drama,,,,,,,,,,,,
107,2010,,The Crazies,Liberty Starz,72,54,Monster Force,Horror,2476,6489,39.12,15.47,54.59,20,272.95%,16.07,,,http://boxofficemojo.com/movies/?id=crazies.htm,
108,2010,,The Expendables,Independent,40,58,Pursuit,Action,3270,10650,103.07,171.4,274.47,82,334.72%,34.8,,,,
109,2010,,The Fighter,Paramount,91,88,Underdog,Drama,2503,4848,93,35,129.19,25,516.76%,12,"Sup. Actor, Sup. Actress",,,
110,2010,,The Ghost Writer,Independent,83,68,The Riddle,Mystery,4,,15.54,44.48,60.02,45,133.38%,2,,,,
111,2010,,The Greatest,Independent,52,39,Discovery,Drama,,,0.11,0.3,0.41,6,6.83%,0.3,,,,
112,2010,,The Joneses,Independent,61,47,Temptation,Comedy,,,1.48,0.49,6.41,10,64.10%,0.51,,,http://www.imdb.com/title/tt1285309/,
113,2010,,The Karate Kid,Sony,66,75,Underdog,Action,3663,15197,176.59,182.53,359.13,40,897.83%,55.7,,,,
114,2010,,The Kids Are All Right,Independent,94,72,Comedy,Comedy,847,4162,20.81,8.55,29.37,4,734.25%,3.5,,,,
115,2010,,The Killer Inside Me,Independent,56,41,The Riddle,Crime,,,0.22,3.36,3.58,13,27.54%,11.1,,,,
116,2010,,The King's Speech,Independent,95,93,Maturation,Biography,700,6406,,,245.2,15,1634.67%,4.4,"Best Picture, Director,  Actor, Orig. Screenplay",,,
117,2010,,The Last Airbender,Paramount,6,42,Quest,Action,3169,12725,131.77,187.35,319.12,150,212.75%,40.3,,,,
118,2010,,The Last Exorcism,Independent,73,32,Monster Force,Drama,2874,7087,41.03,25.42,66.46,1.8,3692.22%,20.4,,,,
119,2010,,The Last Song,Disney,19,66,Discovery,Drama,2673,5989,62.95,26.09,89.04,20,445.20%,16,,,,
120,2010,,The Losers,Warner Bros.,47,55,Revenge,Action,2936,3204,23.59,5.79,29.38,25,117.52%,9.4,,,,
121,2010,,The Next Three Days,Lionsgate,51,66,Rescue,Crime,2564,2552,21.15,20.6,41.75,30,139.17%,6.54,,,,
122,2010,,The Other Guys,Sony,78,57,Comedy,Action,3651,9735,119.22,51.05,170.27,100,170.27%,35.5,,,,
123,2010,,The Runaways,Independent,68,56,Maturation,Biography,244,3300,3.57,1.11,4.68,10,46.80%,0.8,,,,
124,2010,,The Social Network,Sony,96,89,Rags to Riches,Biography,2771,8100,94.08,105.52,199.6,50,399.20%,22.4,,,,
125,2010,,The Sorcerer's Apprentice,Disney,42,57,Pursuit,Action,3504,5028,63.15,152.13,215.28,150,143.52%,17.6,,,,
126,2010,y,The Spy Next Door,Relativity Media,13,46,Rivalry,Action,2924,3326,24.31,19.27,43.58,,,9.7,,,,
127,2010,,The Switch,Independent,52,44,Comedy,Comedy,2012,4193,27.78,19.95,47.73,19,251.21%,8.4,,,,
128,2010,,The Tourist,Sony,20,44,,,2756,5977,67,210,278.34,100,278.34%,16,,,,
129,2010,,The Town,Warner Bros.,94,83,Rivalry,Crime,2856,8322,92.18,52.37,144.55,37,390.68%,23.8,,,,
130,2010,,The Twilight Saga: Eclipse	,Summit,50,74,Monster Force,Drama,4468,14510,300.53,393.05,693.58,68,1019.97%,64.8,,,,
131,2010,,The Wolfman,Universal,33,38,Monster Force,Drama,3222,9770,61.98,77.81,139.79,150,93.19%,31.5,,,,
132,2010,y,Tooth Fairy,Fox,16,46,Comedy,Comedy,3344,4190,60.02,52.34,112.36,48,234.08%,14,,,,
133,2010,,Toy Story 3,Disney,99,91,Rescue,Animation,4028,27385,415,648.16,1063.16,200,531.58%,110.3,,,,
134,2010,,Tron: Legacy,Independent,50,67,Fish Out Of Water,Action,3451,12578,148.21,143.2,291.41,170,171.42%,44.03,,,,
135,2010,,True Grit,Paramount,96,86,,,3047,8149,171,79,250.93,38,660.34%,24,,,,
136,2010,,Unstoppable,Fox,86,73,Rescue,Action,3207,7075,80.02,66,146.02,100,146.02%,22.69,,,,
137,2010,,Valentine's Day,Warner Bros.,17,54,Love,Comedy,3655,15351,110.49,106,216.49,52,416.33%,56.2,,,,
138,2010,,Vampires Suck,Independent,4,32,Comedy,Comedy,3233,3774,36.66,43.32,79.98,20,399.90%,12.2,,,,
139,2010,,Wall Street: Money Never Sleeps,Independent,54,43,Rivalry,Drama,3565,5333,52.47,78.16,130.63,70,186.61%,19,,,,
140,2010,y,When in Rome,Disney,15,44,Love,Comedy,2456,5029,32.68,10.36,43.04,,,12.3,,,,
141,2010,,Why Did I Get Married Too?,Lionsgate,27,67,Comedy,Comedy,2155,13591,60.09,0.58,60.67,20,303.35%,29.3,,,,
142,2010,,Winter's Bone,Independent,94,73,Quest,Drama,?,,6.25,1.54,7.8,2,390.00%,0.8,,,,
143,2010,,Yogi Bear,,14,36,,Comedy,3515,4669,100,101,201.58,80,251.98%,16.4,,,http://boxofficemojo.com/movies/?id=yogibear.htm,
144,2010,,You Again,Independent,18,45,Comedy,Comedy,2548,3300,25.7,6.16,31.86,20,159.30%,8.4,,,,
145,2010,,You Will Meet a Tall Dark Stranger,Independent,43,35,Love,Comedy,402,,3.24,23.42,26.66,22,121.18%,0.16,,,,
146,2010,,Youth in Revolt,The Weinstein Company,68,52,Love,Comedy,1873,3678,15.28,4.34,19.62,18,109.00%,6.9,,,,
147,2011,,The Tree Of Life,Independant,84,61,Discovery,Drama,4,93230,13.3,41,54.3,32,169.70%,0.37,,,http://boxofficemojo.com/movies/?id=treeoflife.htm,
148,2011,,Midnight in Paris,Sony,93,84,Love,Romance,944,61777,56.18,83,139.18,17,818.69%,5.83,,,http://boxofficemojo.com/movies/?id=midnightinparis.htm,
149,2011,,The Descendants,20th Century Fox,89,88,Discovery,Drama,29,41038,24.54,?,24.54,20,122.71%,4.38,,,http://www.timryansreelhawaii.com/?p=2387,
150,2011,,Harry Potter and the Deathly Hallows Part 2,Warner Bros,96,92,Rivalry,Fantasy,4375,38672,381.01,947.1,1328.11,125,1062.49%,169.19,,,http://boxofficemojo.com/movies/?id=harrypotter72.htm,
151,2011,,Twilight: Breaking Dawn,Independant,26,68,Love,Romance,4061,34012,260.8,374,634.8,110,577.09%,138.12,,,http://boxofficemojo.com/movies/?id=breakingdawn.htm,
152,2011,,Transformers: Dark of the Moon,DreamWorks Pictures,35,67,Quest,Action,4088,23937,352.39,770.81,1123.2,195,576.00%,97.85,,,http://boxofficemojo.com/movies/?id=transformers3.htm,
153,2011,,The Hangover Part II,Legendary Pictures,35,58,Comedy,Comedy,3615,23775,254.46,327,581.46,80,726.83%,85.95,,,http://boxofficemojo.com/movies/?id=hangover2.htm,
154,2011,,Fast Five,Universal,78,83,Escape,Action,3644,23655,209.83,416.3,626.13,125,5.01,,,,,
155,2011,,"Pirates of the Caribbean:
On Stranger Tides",Disney,34,61,Quest,Action,4155,21697,241.07,802.8,1043.87,250,417.55%,90.15,,,http://boxofficemojo.com/movies/?id=piratesofthecaribbean4.htm,
156,2011,,Captain America: The First Avenger,Disney,78,75,Metamorphosis,Action,3715,17512,176.65,191.75,368.4,140,263.15%,65.06,,,http://boxofficemojo.com/movies/?id=captainamerica.htm,
157,2011,,Thor,Disney,77,80,Monster Force,Action,3955,16618,181.03,267.48,448.51,150,299.01%,65.72,,,http://boxofficemojo.com/movies/?id=thor.htm,
158,2011,,Cars 2,Pixar,38,56,Fish Out Of Water,Animation,4115,16072,191.45,360.4,551.85,200,275.93%,66.14,,,http://boxofficemojo.com/movies/?id=cars2.htm,
159,2011,,Paranormal Activity 3,Independant,68,58,Monster Force,Horror,3321,15829,103.66,98.24,201.9,5,4037.94%,52.57,,,http://boxofficemojo.com/movies/?id=paranormalactivity3.htm,
160,2011,,X-Men: First Class,Disney,87,88,Monster Force,Action,3641,15134,146.41,207.22,353.62,160,221.01%,55.1,,,http://boxofficemojo.com/movies/?id=xmenfirstclass.htm,
161,2011,,Rise of the Planet of the Apes,20th Century Fox,83,87,Revenge,Action,3648,15024,176.7,304.52,481.23,93,517.45%,54.81,,,http://boxofficemojo.com/movies/?id=riseoftheapes.htm,
162,2011,,Green Lantern,Warner Bros,27,48,Metamorphosis,Action,3816,13935,116.6,103.25,219.85,200,109.93%,53.17,,,http://boxofficemojo.com/movies/?id=greenlantern.htm,
163,2011,,Kung Fu Panda 2,DreamWorks Animation,82,80,Rivalry,Animation,3925,12142,165.25,497.78,663.02,150,442.02%,47.66,,,http://boxofficemojo.com/movies/?id=kungfupanda2.htm,
164,2011,,Super 8 ,Paramount,82,78,Monster Force,Horror,3379,10492,127,132.71,259.71,50,519.43%,35.45,,,http://boxofficemojo.com/movies/?id=super8.htm,
165,2011,,Hop,Relativity Media,26,50,Fish Out Of Water,Animation,3579,10490,108.09,75.87,183.95,63,291.99%,37.54,,,http://boxofficemojo.com/movies/?id=ihop.htm,
166,2011,,The Smurfs,Sony Pictures Animation,23,50,Fish Out Of Water,Animation,3395,10489,142.61,419.54,562.16,110,511.05%,35.61,,,http://boxofficemojo.com/movies/?id=smurfs.htm,
167,2011,,Battle: Los Angeles,Relativity Media,35,50,Monster Force,Action,3417,10411,83.55,128.27,211.82,70,302.60%,35.57,,,http://boxofficemojo.com/movies/?id=battlelosangeles.htm,
168,2011,,Bad Teacher,Independant,44,38,Comedy,Comedy,3049,10365,100.29,115.9,216.2,20,1080.98%,31.6,,,http://boxofficemojo.com/movies/?id=badteacher.htm,
169,2011,,Immortals,Relativity Media,36,59,Revenge,Action,3112,10349,80.49,102,182.49,75,243.31%,32.21,,,http://boxofficemojo.com/movies/?id=warofgods.htm,
170,2011,,The Help,DreamWorks Pictures,75,91,Maturation,Drama,2534,10278,169.22,30.1,199.32,25,797.30%,26.04,,,http://boxofficemojo.com/movies/?id=help2011.htm,
171,2011,,Rio,20th Century Fox,71,73,Quest,Animation,3826,10252,143.62,341.02,484.63,90,538.48%,39.23,,,http://boxofficemojo.com/movies/?id=rio.htm,
172,2011,,Rango,Paramount,88,69,Fish Out Of Water,Animation,3917,9722,123.26,121.9,245.15,135,181.60%,38.08,,,http://boxofficemojo.com/movies/?id=rango.htm,
173,2011,,Cowboys and Aliens,Universal,44,50,Monster Force,Action,3750,9715,100.24,74.58,174.82,163,107.25%,36.43,,,http://boxofficemojo.com/movies/?id=cowboysandaliens.htm,
174,2011,,The Green Hornet,Columbia,44,47,Rivalry,Action,3584,9335,98.8,129,227.8,120,189.83%,33.5,,,http://boxofficemojo.com/movies/?id=greenhornet.htm,
175,2011,,Horrible Bosses,Warner Bros,69,72,Revenge,Comedy,3040,9310,117.54,92.1,209.64,35,598.97%,28.3,,,http://boxofficemojo.com/movies/?id=horriblebosses.htm,
176,2011,,Bridesmaids,Relativity Media,90,77,Rivalry,Comedy,2918,8995,169.11,119.28,288.38,32.5,887.33%,26.25,,,http://boxofficemojo.com/movies/?id=wiigapatow.htm,
177,2011,,Hugo,Paramount,93,84,,Adventure,1277,8899,,,,,,11.36,,,,
178,2011,,Puss In Boots,DreamWorks,83,76,Quest,Animation,3952,8623,142.09,142.3,284.39,130,218.76%,34.08,,,http://boxofficemojo.com/movies/?id=pussinboots12.htm,
179,2011,,Just Go With It,Happy Madison,19,63,Comedy,Romance,3548,8601,103.03,111.92,214.95,80,268.68%,30.51,,,http://boxofficemojo.com/movies/?id=thepretendwife.htm,
180,2011,,The Muppets,Disney,97,87,Quest,Comedy,3440,8500,66.63,5.8,72.43,45,160.95%,29.24,,,http://boxofficemojo.com/movies/?id=themuppets.htm,
181,2011,,Gnomeo and Juliet,Disney,56,52,Love,Animation,2994,8469,99.97,94,193.97,36,538.80%,25.36,,,http://www.imdb.com/title/tt0377981/,
182,2011,,Real Steel,DreamWorks Pictures,58,81,Underdog,Action,3440,7942,83.61,186.2,269.81,110,245.28%,27.32,,,http://latimesblogs.latimes.com/entertainmentnewsbuzz/2011/10/movie-projector-real-steel-ides-of-march.html,
183,2011,,Diary of a Wimpy Kid 2: Rodrick Rules,20th Century Fox,47,63,Comedy,Comedy,3167,7500,52.7,19.72,72.42,21,344.84%,23.75,,,http://boxofficemojo.com/movies/?id=diaryofawimpykid2.htm,
184,2011,,The Adjustment Bureau,Independant,72,67,Sacrifice,Thriller,2840,7450,62.5,65.37,127.87,50.2,254.72%,21.16,,,http://boxofficemojo.com/movies/?id=adjustmentbureau.htm,
185,2011,,Jack and Jill,Happy Madison,4,59,Comedy,Comedy,3438,7273,68.91,15,83.91,79,106.22%,25,,,http://boxofficemojo.com/movies/?id=jackandjill.htm,
186,2011,,Unknown,Independant,55,57,The Riddle,Thriller,3043,7183,63.69,67.1,130.79,30,435.95%,21.86,,,http://boxofficemojo.com/movies/?id=unknownwhitemale11.htm,
187,2011,,My Week with Marilyn,The Weinstein Company,83,84,Love,Drama,247,7174,5.31,2.95,8.26,10,82.58%,1.75,,,http://latimesblogs.latimes.com/entertainmentnewsbuzz/2011/11/muppets-arthur-christmas-hugo-box-office.html,
188,2011,,Tower Heist,Relativity,68,61,Revenge,Comedy,3367,7135,74.5,47,121.5,75,162.01%,24.03,,,http://boxofficemojo.com/movies/?id=towerheist.htm,
189,2011,,Contagion,Warner Bros,84,63,The Riddle,Thriller,3222,6935,75.64,59.8,135.44,60,225.74%,22.4,,,http://boxofficemojo.com/movies/?id=contagion.htm,
190,2011,,Limitless,Virgin,69,73,Wretched Excess,Thriller,2756,6860,79.25,82.6,161.85,27,599.44%,18.91,,,http://boxofficemojo.com/movies/?id=darkfields.htm,
191,2011,,Moneyball,Columbia,95,89,Underdog,Drama,2993,6516,74.21,27.9,102.11,50,204.22%,19.5,,,http://boxofficemojo.com/movies/?id=moneyball.htm,
192,2011,,No Strings Attached,Spyglass Entertainment,49,57,Comedy,Comedy,3018,6512,70.6,77.1,147.7,25,590.80%,19.7,,,http://boxofficemojo.com/movies/?id=friendswithbenefits.htm,
193,2011,,Friends With Benefits,Warner Bros,71,68,Temptation,Romance,2926,6364,55.8,93.74,149.54,35,427.26%,18.62,,,http://boxofficemojo.com/movies/?id=friendswithbenefits10.htm,
194,2011,,"Crazy, Stupid, Love",Warner Bros,78,81,Discovery,Romance,3020,6326,84.34,58.5,142.84,50,285.68%,19.1,,,http://boxofficemojo.com/movies/?id=crazystupidlove.htm,
195,2011,,Sucker Punch,Legendary Pictures,23,48,Quest,Action,3033,6284,36.39,53.4,89.79,82,109.50%,19.06,,,http://boxofficemojo.com/movies/?id=suckerpunch.htm,
196,2011,,I Am Number Four,Paramount,32,57,Maturation,Thriller,3154,6167,55.1,89.4,144.5,60,240.83%,19.45,,,http://boxofficemojo.com/movies/?id=iamnumberfour.htm,
197,2011,,The Company Men,Weinstein Company,66,55,Discovery,Drama,106,6111,4.4,0.4,4.8,15,32.00%,0.6,,,http://boxofficemojo.com/movies/?id=companymen.htm,
198,2011,,The Dilemma,Spyglass Entertainment,23,31,Comedy,Comedy,2940,6060,48.5,21.2,69.7,70,99.57%,17.8,,,http://boxofficemojo.com/movies/?id=howardvaughnjames.htm,
199,2011,,Water For Elephants,20th Century Fox,60,72,Love,Drama,2817,5979,58.71,58.39,117.09,38,308.14%,16.84,,,http://boxofficemojo.com/movies/?id=waterforelephants.htm,
200,2011,,The Roommate,Independant,4,29,Monster Force,Horror,2534,5921,37.3,3.19,40.49,16,253.08%,15,,,http://boxofficemojo.com/movies/?id=roommate10.htm,
201,2011,,Happy Feet 2,Village Roadshow Pictures,41,59,Journey and Return,Animation,3606,5889,57.31,49.2,106.51,135,78.89%,21.24,,,http://boxofficemojo.com/movies/?id=happyfeet2.htm,
202,2011,,J.Edgar,Warner Bros,42,84,Wretched Excess,Drama,1910,5873,35.06,??,35.06,35,100.16%,11.22,,,http://boxofficemojo.com/movies/?id=jedgar.htm,
203,2011,,Zookeeper,Happy Madison Productions,14,42,Comedy,Comedy,3482,5763,80.36,89.94,170.3,80,212.88%,20.07,,,http://boxofficemojo.com/movies/?id=zookeeper.htm,
204,2011,,Final Destination 5,New Line Cinema,61,56,Monster Force,Horror,3155,5715,42.59,115.3,157.89,40,394.72%,18.03,,,http://boxofficemojo.com/movies/?id=finaldestination5.htm,
205,2011,,Scream 4,Weinstein Company,58,57,Monster Force,Horror,3305,5656,38.18,58.96,97.14,40,242.84%,18.69,,,http://boxofficemojo.com/movies/?id=scream4.htm,
206,2011,,Mr. Popper's Penguins,20th Century Fox,47,54,Discovery,Comedy,3339,5524,68.22,119.14,187.36,55,340.65%,18.45,,,http://boxofficemojo.com/movies/?id=mrpopperspenguins.htm,
207,2011,,Insidious,Sony,67,65,Monster Force,Horror,2408,5511,54.01,43,97.01,1.5,6467.27%,13.27,,,http://boxofficemojo.com/movies/?id=insidious.htm,
208,2011,,Dolphin Tale,Independant,84,81,Quest,Drama,3507,5461,71.08,16.86,87.95,37,237.69%,19.15,,,http://boxofficemojo.com/movies/?id=dolphintale.htm,
209,2011,,The Debt,Universal,76,70,Pursuit,Thriller,1826,5427,31.18,14.25,45.43,20,227.15%,9.91,,,http://boxofficemojo.com/movies/?id=debt.htm,
210,2011,,Beastly,CBS Films,19,50,Metamorphosis,Romance,1952,5047,27.87,0.97,28.83,17,169.61%,9.85,,,http://boxofficemojo.com/movies/?id=beastly.htm,
211,2011,,Source Code,Summit Entertainment,92,81,The Riddle,Thriller,2961,5002,54.71,68.57,123.28,32,385.24%,14.81,,,http://boxofficemojo.com/movies/?id=sourcecode.htm,
212,2011,,The Conspirator,Independant,56,65,Underdog,Drama,707,4960,11.54,2.67,14.21,25,56.84%,3.51,,,http://boxofficemojo.com/movies/?id=conspirator.htm,
213,2011,,The Rite,Warner Bros,20,43,Monster Force,Horror,2985,4955,33,63,96,37,259.46%,14.8,,,http://boxofficemojo.com/movies/?id=rite.htm ,
214,2011,,The Beaver,Summit Entertainment,62,57,Transformation,Drama,22,4890,0.97,5.4,6.37,21,30.33%,0.11,,,http://boxofficemojo.com/movies/?id=beaver.htm,
215,2011,,Hanna,Universal,71,67,Quest,Action,2535,4880,40.26,23.52,63.78,30,212.60%,12.37,,,http://boxofficemojo.com/movies/?id=hanna.htm,
216,2011,,The Lincoln Lawyer,Lionsgate,84,82,Fish Out Of Water,Drama,2707,4879,58.01,17,75.01,40,187.52%,13.21,,,http://boxofficemojo.com/movies/?id=lincolnlawyer.htm,
217,2011,,Something Borrowed,Independant,,,Love,Romance,2904,4802,39.05,21.14,60.18,35,171.95%,13.95,,,http://boxofficemojo.com/movies/?id=somethingborrowed.htm,
218,2011,,Soul Surfer,Sony,46,79,Underdog,Drama,2214,4789,43.85,0.41,44.27,18,245.93%,10.6,,,http://boxofficemojo.com/movies/?id=soulsurfer.htm,
219,2011,,The Ides of March,Columbia,85,76,Transformation,Thriller,2199,4761,40.49,13.7,54.19,12.5,433.55%,10.47,,,http://latimesblogs.latimes.com/entertainmentnewsbuzz/2011/10/movie-projector-real-steel-ides-of-march.html,
220,2011,,Footloose,Spyglass Entertainment,71,71,Transformation,Drama,2199,4761,51.16,10.9,62.05,24,258.55%,15.56,,,http://boxofficemojo.com/movies/?id=footloose2010.htm,
221,2011,,Paul,Relativity,72,70,Comedy,Comedy,2802,4655,37.41,60.57,97.98,40,244.96%,13.04,,,http://boxofficemojo.com/movies/?id=paul.htm,
222,2011,,The Change Up,Relativity Media,24,53,Metamorphosis,Comedy,2913,4645,37.08,33.75,70.83,52,136.22%,13.53,,,http://boxofficemojo.com/movies/?id=changeup.htm,
223,2011,,Red Riding Hood,Warner Bros,11,41,Monster Force,Horror,3030,4622,37.66,51.5,89.16,42,212.29%,14.01,,,http://boxofficemojo.com/movies/?id=redridinghood.htm,
224,2011,,30 Minutes or Less,Independant,43,48,Comedy,Comedy,2888,4616,37.05,3.49,40.55,28,144.81%,13.33,,,http://boxofficemojo.com/movies/?id=30minutesorless.htm,
225,2011,,Hall Pass,Warner Bros,35,44,Temptation,Comedy,2950,4588,45.06,38.1,83.16,36,231.00%,13.54,,,http://boxofficemojo.com/movies/?id=hallpass.htm,
226,2011,,A Very Harold and Kumar Christmas,Lionsgate,72,71,Comedy,Comedy,2875,4506,34.04,??,34.04,19,179.18%,12.95,,,http://boxofficemojo.com/movies/?id=haroldandkumar3.htm,
227,2011,,Larry Crowne,Universal,34,46,Discovery,Drama,2973,4405,35.61,16.8,52.41,30,174.69%,13.1,,,http://boxofficemojo.com/movies/?id=larrycrowne.htm,
228,2011,,The Mechanic,Independant,53,52,Revenge,Action,2703,4226,29.2,22,51.2,40,128.00%,11.4,,,http://boxofficemojo.com/movies/?id=mechanic.htm,
229,2011,,Colombiana,Sony,28,55,Revenge,Action,2614,3982,36.67,24.3,60.97,40,152.41%,10.41,,,http://boxofficemojo.com/movies/?id=colombiana.htm,
230,2011,,Drive,Independant,93,79,Rivalry,Thriller,2886,3929,34.68,32.33,67.01,15,446.71%,11.34,,,http://boxofficemojo.com/movies/?id=drive2011.htm,
231,2011,,In Time,Regency Enterprises,38,55,The Riddle,Thriller,3122,3860,36.49,90.9,127.39,40,318.48%,12.05,,,http://boxofficemojo.com/movies/?id=now.htm,
232,2011,,Anonymous,Relativity Media,46,66,Tragedy,Drama,265,3856,4.46,9.73,14.19,30,47.30%,1.02,,,http://boxofficemojo.com/movies/?id=anonymous.htm,
233,2011,,The Eagle,Universal,39,43,Quest,Action,2296,3782,19.49,7.63,27.12,25,108.48%,8.68,,,http://boxofficemojo.com/movies/?id=eagleoftheninth.htm,
234,2011,,Season Of The Witch,Relativity ,10,32,Monster Force,Action,2816,3769,24.8,66.8,91.6,40,229.00%,12,,,http://boxofficemojo.com/movies/?page=main&id=seasonofthewitch.htm,
235,2011,,Arthur,Warner Bros,26,49,Sacrifice,Comedy,3276,3731,33.04,12.7,45.74,40,114.34%,12.22,,,http://boxofficemojo.com/movies/?id=arthur2011.htm,
236,2011,,Arthur Christmas,Aardman Animations,92,82,Journey and Return,Animation,3376,3537,33.7,57.5,91.2,150,60.80%,12.07,,,http://latimesblogs.latimes.com/entertainmentnewsbuzz/2011/11/muppets-arthur-christmas-hugo-box-office.html,
237,2011,,Spy Kids: All The Time in the World,Weinstein Company,22,40,Quest,Action,3295,3534,38.54,35.54,74.08,27,274.37%,11.64,,,http://boxofficemojo.com/movies/?id=spykids4.htm,
238,2011,,50/50,Independant,93,93,Discovery,Comedy,2458,3517,34.9,1.62,36.51,8,456.39%,8.64,,,http://boxofficemojo.com/movies/?id=50fifty.htm,
239,2011,,Abduction,Vertigo Entertainment,4,46,Maturation,Action,3118,3504,28.07,54,82.07,35,234.48%,10.93,,,http://boxofficemojo.com/movies/?id=abduction11.htm,
240,2011,,Sanctum,Relativity Media,30,39,Quest,Action,2787,3390,23.2,85.4,108.6,30,362.00%,9.4,,,http://boxofficemojo.com/movies/?id=sanctum.htm,
241,2011,,Your Highness,Universal,26,36,Comedy,Comedy,2769,3380,21.6,3.26,24.86,49.9,49.81%,9.36,,,http://boxofficemojo.com/movies/?id=yourhighness.htm,
242,2011,,Conan the Barbarian,Lionsgate,22,34,Quest,Action,3015,3324,21.3,27.5,48.8,90,54.22%,10.02,,,http://boxofficemojo.com/movies/?id=conan3d.htm,
243,2011,,Winnie The Pooh,Disney,91,79,Quest,Animation,2405,3267,26.69,6.46,33.15,30,110.51%,7.86,,,http://boxofficemojo.com/movies/?id=winniethepooh.htm,
244,2011,,Killer Elite,Independant,25,48,Rivalry,Action,2986,3132,25.12,27.84,52.96,70,75.66%,9.35,,,http://boxofficemojo.com/movies/?id=killerelite.htm,
245,2011,,Don't Be Afraid Of The Dark,Miramax Films,59,37,Monster Force,Horror,2760,3089,24.05,7.5,31.55,25,126.18%,8.53,,,http://boxofficemojo.com/movies/?id=dontbeafraidofthedark.htm,
246,2011,,Dream House,Morgan Creek Productions,7,38,The Riddle,Horror,2661,3055,21.3,17.2,38.5,50,77.00%,8.13,,,http://boxofficemojo.com/movies/?id=dreamhouse.htm,
247,2011,,Monte Carlo,20th Century Fox,38,50,Love,Romance,2473,3014,23.18,16.48,39.66,20,198.32%,7.45,,,http://boxofficemojo.com/movies/?id=montecarlo.htm,
248,2011,,Shark Night 3D,Relativity,16,25,Escape,Horror,2806,2995,18.88,19.83,38.7,25,154.81%,8.4,,,http://boxofficemojo.com/movies/?id=shark3d.htm,
249,2011,,Waiting For Forever,Independant,6,53,Love,Romance,3,2972,0.03,?,0.03,5,0.50%,0.01,,,http://boxofficemojo.com/movies/?id=waitingforforever.htm,
250,2011,,One Day,Independant,37,54,Love,Romance,1719,2955,13.84,41.4,55.24,15,368.27%,5.08,,,http://boxofficemojo.com/movies/?id=oneday.htm,
251,2011,,The Three Musketeers,Independant,24,48,Rivalry,Action,3017,2875,20.25,111.9,132.15,75,176.20%,8.67,,,http://boxofficemojo.com/movies/?id=threemusketeers11.htm,
252,2011,,The Thing,Universal,36,52,Monster Force,Horror,2996,2835,16.93,10.5,27.43,38,72.18%,8.49,,,http://boxofficemojo.com/movies/?id=thing11.htm,
253,2011,,Warrior,Lionsgate,83,93,Rivalry,Action,1869,2805,13.66,9.4,23.06,25,92.23%,5.24,,,http://boxofficemojo.com/movies/?id=warrior10.htm,
254,2011,,Our Idiot Brother,The Weinstein Company,68,79,Comedy,Comedy,2555,2744,24.82,??,24.82,5,496.32%,,,,http://boxofficemojo.com/movies/?id=ouridiotbrother.htm,
255,2011,,Apollo 18,Weinstein Company,23,31,Monster Force,Horror,3328,2615,17.69,7.88,25.56,5,511.24%,8.7,,,http://boxofficemojo.com/movies/?id=apollo18.htm,
256,2011,,Fright Night,DreamWorks,75,68,Rivalry,Horror,3114,2477,18.3,18.8,37.1,30,123.67%,7.71,,,http://boxofficemojo.com/movies/?id=frightnight2011.htm,
257,2011,,Johnny English Reborn,Relativity Media,38,55,Comedy,Comedy,1552,2470,8.31,149.63,157.94,45,350.98%,3.83,,,http://boxofficemojo.com/movies/?id=johnnyenglish2.htm,
258,2011,,Drive Angry,Independant,45,38,Rescue,Action,2990,2265,10.72,18.21,28.93,45,64.29%,5.19,,,http://latimesblogs.latimes.com/entertainmentnewsbuzz/2011/02/movie-projector-hall-pass-farrelly-brothers-drive-angry-nicolas-cage.html,
259,2011,,The Rum Diary,Independant,50,48,Discovery,Drama,2273,2259,13.07,8.48,21.55,45,47.89%,5.14,,,http://boxofficemojo.com/movies/?id=rumdiary.htm,
260,2011,,Priest,Sony,17,37,Monster Force,Action,2864,2221,29.14,49.17,78.31,60,130.51%,14.95,,,http://boxofficemojo.com/movies/?id=priest07.htm,
261,2011,,Mars Needs Moms,Disney,36,43,Rescue,Animation,3117,2218,21.39,17.6,38.99,150,25.99%,6.91,,,http://boxofficemojo.com/movies/?id=marsneedsmoms.htm,
262,2011,,What's Your Number,20th Centruy Fox,24,50,Transformation,Comedy,3002,1806,14.01,16.42,30.43,20,152.13%,5.42,,,http://boxofficemojo.com/movies/?id=whatsyournumber.htm,
263,2011,,Take Me Home Tonight,Relativity,28,46,Discovery,Comedy,2003,1730,6.93,?,6.93,25,27.71%,3.46,,,http://goforamovie.com/tag/take-me-home-tonight-budget/,
264,2011,,The Big Year,Independant,38,62,Transformation,Comedy,2150,1513,7.17,0.24,7.41,41,18.07%,3.25,,,http://boxofficemojo.com/movies/?id=bigyear.htm,
265,2011,,Never Back Down 2: The Beatdown,Sony,,,Rivalry,Action,,,,,41.63,3,1387.57%,8.6,,,http://www.imdb.com/title/tt1754264/,
266,2011,,A Dangerous Method,Independant,79,89,Love,Drama,,,0.54,8.44,8.97,20,44.86%,0.17,,,http://boxofficemojo.com/movies/?id=dangerousmethod.htm,
267,2011,,Take Shelter,Independant,92,85,Sacrifice,Drama,,,1.57,?,1.57,5,31.46%,0.05,,,http://boxofficemojo.com/movies/?id=takeshelter.htm,
268,2011,,Beginners,Independant,84,80,Love,Comedy,,,5.79,8.39,14.18,3.2,443.19%,0.14,,,http://boxofficemojo.com/movies/?id=beginners.htm,
269,2011,,Jane Eyre,Universal,85,77,Love,Romance,,,11.24,18.91,30.15,,#VALUE!,0.18,,,,
270,2011,,Another Earth,Independant,63,74,Temptation,Fantasy,,,1.32,,1.32,0.2,660.50%,0.08,,,http://boxofficemojo.com/movies/?id=anotherearth.htm,
271,2011,,Margin Call,Independant,86,73,Sacrifice,Thriller,,,4.94,3.93,8.87,3.5,253.40%,0.56,,,http://boxofficemojo.com/movies/?id=margincall.htm,
272,2011,,Machine Gun Preacher,Lionsgate,29,71,Transformation,Action,,,0.54,0.57,1.1,30,3.68%,0.05,,,http://boxofficemojo.com/movies/?id=machinegunpreacher.htm,
273,2011,,Hesher,Independant,54,68,Wretched Excess,Drama,,,0.38,??,0.38,7,5.46%,0.13,,,http://boxofficemojo.com/movies/?id=hesher.htm,
274,2011,,Vanishing on 7th Street,Independant,52,62,Monster Force,Horror,,,0.02,1.05,1.07,10,10.67%,0,,,http://en.wikipedia.org/wiki/Vanishing_on_7th_Street,
275,2011,,Cedar Rapids,20th Century Fox,86,61,Maturation,Comedy,,,6.86,,6.86,10,68.61%,0.3,,,http://qctimes.com/news/local/article_b7491eb8-3d68-11e0-b394-001cc4c03286.html,
276,2011,,The Son Of No One,Independant,18,61,Discovery,Thriller,,,0.03,?,0.03,15,0.20%,0.02,,,http://en.wikipedia.org/wiki/The_Son_of_No_One,
277,2011,,Red State,Independant,57,59,Escape,Horror,,,1.1,?,1.1,4,27.60%,,,,http://www.movieline.com/2011/04/how-kevin-smiths-red-state-earned-back-its-budget-six-months-before-release.php,
278,2011,,Everything Must Go,Reliance Entertainment,74,53,Discovery,Drama,,,2.71,,2.71,5,54.22%,0.79,,,http://boxofficemojo.com/movies/?id=everythingmustgo.htm,
279,2011,,Dylan Dog: Dead of Night,Independant,6,28,Monster Force,Horror,,,1.19,3.45,4.63,20,23.17%,0.75,,,http://boxofficemojo.com/movies/?id=dylandog.htm,
280,2011,,Trespass,Independant,11,24,Escape,Thriller,,,0.02,3.1,3.12,35,8.93%,0.02,,,http://en.wikipedia.org/wiki/Trespass_%282011_film%29,
